# NucleoOS Anima - partition table (16 MB flash), layout v2: recovery + one large system slot.
#
# The P4 executes code only from flash, so the running system needs one slot of its own; the second
# A/B slot of layout v1 (2 x 4.5 MB) was dead weight 99% of the time. Updates are staged on the SD
# card instead (docs/OTA.md):
#   1. NucleoOS downloads the signed image to /sdcard/nvupd/, verifies it, saves a copy of the running
#      system there, then boots `recovery`.
#   2. recovery (a small standalone app, recovery/) verifies the image again, writes `system`, reads it
#      back and boots it. An image that does not confirm itself within 60 s is rolled back from the
#      saved copy. A power cut mid-write simply resumes on the next boot.
# recovery is the small ota_1 slot (not "factory"): a blank otadata boots system directly, and the
# bootloader's rollback of a system that fails its 60 s gate lands in recovery.
# Result: the system slot grows from 4.5 MB to 10 MB, plus a 4.6 MB `assets` area for read-only data
# mapped straight from flash (no PSRAM copy). NVS stays at 0x9000 so settings survive the migration.
#
# Name,     Type, SubType,  Offset,    Size
nvs,        data, nvs,      0x9000,    0x6000
otadata,    data, ota,      0xf000,    0x2000
phy_init,   data, phy,      0x11000,   0x1000
recovery,   app,  ota_1,    0x20000,   0x100000
system,     app,  ota_0,    0x120000,  0xA00000
assets,     data, 0x40,     0xB20000,  0x4A0000
coredump,   data, coredump, 0xFC0000,  0x40000
